干旱,causality,大豆减产
钢材利润下行,causality,焦炭吨毛利被压缩
菜籽压榨量减少,causality,菜油供应减少
非洲猪瘟,causality,猪肉价格持续攀升
非洲猪瘟,causality,生猪养殖利润持续上行
猪肉供不应求,causality,猪肉价格持续攀升
猪肉供不应求,causality,生猪养殖利润持续上行
干旱,causality,产量大幅下调
非洲猪瘟,causality,生猪存栏持续下降
开工降低,causality,铁矿石需求下降
猪场补栏,causality,生猪养殖效率
猪场补栏,causality,进口猪肉量持续增长
非洲猪瘟,causality,生猪出栏加快
猪肉供应增多,causality,猪肉价格下跌
玻璃需求下滑,causality,纯碱需求显著下降
进口煤放开,causality,供大于求
进口煤放开,causality,煤炭价格下降
柴油价格不断上涨,causality,重卡需求的减少
菜油供应减少,causality,价格大幅上涨
供给因素,causality,铁矿价格大涨
猪瘟事件,causality,豆粕的需求锐减
产销进一步下行,causality,钢材需求下滑
养猪户补栏积极性不高,causality,饲料需求降低
生猪存栏持续下降,causality,饲料需求降低
非洲猪瘟,causality,生猪存栏量减少
疫情,causality,生猪存栏量减少
PX价格节节攀升,causality,生产利润亏损逐渐加大
种子需求端增加,causality,种子供给端预期产量减少
极端天气,causality,种子供给端预期产量减少
用煤需求低迷,causality,煤炭消费量和煤价出现大幅下降
非洲猪瘟,causality,生猪产能深度去化
非洲猪瘟,causality,猪肉供给缺口大幅增加
疫情,causality,生猪产能深度去化
疫情,causality,猪肉供给缺口大幅增加
产能过剩,causality,大宗化工品格跌入低位
消费减少,causality,菜油供应减少
非洲猪瘟,causality,生猪被大量抛售
非洲猪瘟,causality,市场供给激增
疫情,causality,生猪被大量抛售
疫情,causality,市场供给激增
产能过剩,causality,价格下降
铝土矿供给收缩,causality,氧化铝产量下降
洪涝灾害,causality,蔬菜供给短缺
干旱,causality,玉米减产
寒冷,causality,仔猪疫病
寒冷,causality,存栏量下降
补栏需求增加,causality,仔猪供需紧张
补栏需求增加,causality,价格上涨
非洲猪瘟,causality,生猪存栏大幅下降
非洲猪瘟,causality,大豆口需求萎缩
疫情,causality,生猪存栏大幅下降
疫情,causality,大豆口需求萎缩
大旱,causality,玉米等粮食减产
生猪存栏量加速下滑,causality,猪肉价格持续攀升
生猪存栏量加速下滑,causality,生猪养殖利润持续上行
原奶供过于求,causality,原奶价格持续低迷
磷矿石价格上涨,causality,生产商毛利率较低
产量压缩,causality,库存下降
大宗品需求下滑,causality,价格下跌
非洲猪瘟,causality,生猪屠宰求下滑
生猪出栏量下滑,causality,生猪屠宰求下滑
非洲猪瘟,causality,生猪存栏下降
电力紧张,causality,电解铝企业减产
利润下滑,causality,雏鸡补栏不足
铁矿石价格下滑,causality,成本端下降
非洲猪瘟,causality,产能减少
非洲猪瘟,causality,猪肉价格严重分化
非洲猪瘟,causality,跨省运输停滞
非洲猪瘟,causality,生猪养殖企业大面积亏损
猪肉产能减少,causality,生猪价格仍将维持高位运行
生,causality,运输价格
生,causality,饲料原料价格连续上涨
巴西矿难,causality,铁矿石全年供应下降
飓风,causality,铁矿石全年供应下降
国内供给收缩,causality,焦煤价格持续上涨
澳洲煤进口限制,causality,焦煤价格持续上涨
春耕、北方小麦返青肥,causality,价格稳中上涨
水稻用肥需求增加,causality,价格稳中上涨
7-ACA市场价格大幅下跌,causality,原料药销售价格随之下跌
寒潮,causality,农产品价格继续攀升
国,causality,炼油损耗逐月扩大
国,causality,成品油销售受阻
国,causality,库存跌价
汽柴油价格下调,causality,炼油损耗逐月扩大
汽柴油价格下调,causality,成品油销售受阻
汽柴油价格下调,causality,库存跌价
利润下滑,causality,煤炭价格大幅上涨
煤炭价格大幅上涨,causality,煤炭成本大幅增加
自然灾害,causality,用肥量锐减
南,causality,豆类油脂价格利空
大豆供求宽松,causality,豆类油脂价格利空
重卡销量的下降,causality,毛利率较高
重卡销量的下降,causality,销量出现下滑
钢铝价格上涨,causality,通胀超预期上行
畜禽养殖行业需求不足,causality,国内饲料需求旺季不旺
畜禽养殖行业需求不足,causality,饲料添加剂市场较为冷淡
畜禽养殖行业需求不足,causality,市场行情较为冷清
洪水,causality,菜价禽价上涨
国际贸易保护愈演愈烈,causality,特钢出口难度进一步加大
贸易摩擦升级,causality,特钢出口难度进一步加大
多国进口贸易量减少,causality,特钢出口难度进一步加大
石化产业链出现大幅亏损,causality,产品柴油销售不畅
石化产业链出现大幅亏损,causality,价格下滑
成品油市场低迷,causality,产品柴油销售不畅
成品油市场低迷,causality,价格下滑
生猪存栏、能繁母猪存栏量持续下降,causality,下游需求疲软
生猪存栏、能繁母猪存栏量持续下降,causality,维生素库存较高
生猪存栏、能繁母猪存栏量持续下降,causality,价格缺乏支撑
新增木浆产能如期投放,causality,国内
新增木浆产能如期投放,causality,木浆价格上涨
新增木浆产能如期投放,causality,白卡纸价格上行
猪肉价格持续攀升,causality,鸡蛋现货普涨
放,causality,棉价明显回落
订单和采购都出现下滑,causality,棉价明显回落
环保限产,causality,草甘膦价格大幅上涨
草甘膦主要原材料甘氨酸供应紧张,causality,草甘膦价格大幅上涨
价格飙涨,causality,草甘膦价格大幅上涨
母猪存栏增长放慢,causality,生猪供应
仔猪死亡率的增加,causality,生猪供应偏紧
猪肉价格快速非正常性下跌,causality,食品价格的环比快速下跌
白糖价格下跌,causality,糖业亏损
成本上升,causality,糖业亏损
棉花种植面积下降,causality,棉花供给不足
棉花种植面积下降,causality,价格大幅上扬
棉花种植面积下降,causality,棉短绒供给下降
价格大幅上涨,causality,棉短绒供给下降
钢铁价格反弹,causality,焦炭价格上涨
光棒供给恢复,causality,光纤价格回落
白银需求上涨,causality,价格推升
黄磷市场供给大幅减少,causality,磷酸盐市场景气上行
黄磷价格上涨,causality,磷酸盐市场景气上行
环保,causality,铝土矿矿山关停
玉米高价,causality,玉米需求量下降
干旱,causality,牧草供给下降
干旱,causality,奶牛养殖成本攀升
育雏鸡补栏量持续减少,causality,青年鸡存栏量减少
产能释放,causality,价格下降
油价下跌,causality,石化行业盈利暴跌
油价下跌,causality,拖累整体工业企业利润
LED技术不断进步,causality,降低成本
非洲猪瘟,causality,生猪外调受限
汽车行业景气度下滑,causality,销售和盈利能力有所下降
需求增速放缓,causality,航空业上半年业绩将出现下滑
油价同比上涨,causality,航空业上半年业绩将出现下滑
人民币贬值,causality,航空业上半年业绩将出现下滑
水产养殖需求减少,causality,豆粕费持续降低
非洲猪瘟,causality,豆粕费持续降低
养殖企业补栏谨慎,causality,豆粕费持续降低
市场生猪养殖量下降,causality,豆粕费持续降低
生猪存栏持续下降,causality,豆粕费大降
锡精矿给下滑,causality,供需矛盾激化
煤价持续下降,causality,企业燃料成本降低
轮胎业销售不佳,causality,合成胶价格大跌
库存高企,causality,合成胶价格大跌
开工降低,causality,合成胶价格大跌
供应收紧,causality,磷酸一铵价格上涨
下游复合肥购需求增加,causality,磷酸一铵价格上涨
蛋白需求的增加,causality,豆油库存不断增长
进口大豆充足供应,causality,豆油库存不断增长
氧化铈前期价格攀升,causality,下游抛光粉产业陷入低迷
下游抛光粉产业陷入低迷,causality,氧化铈需求疲弱
销售下滑,causality,库存有所增加
销售下滑,causality,钢价有所回落
存栏量下降,causality,公司饲料量有所下滑
错峰生产,causality,企业库存较低
环保督查,causality,熟料供给短
熟料供给短缺,causality,水泥价格快速上涨
页岩气供给的增加,causality,原油大幅下跌
原油进口量回落,causality,原油大幅下跌
生物燃料费增加,causality,棕榈油库存减少
非洲猪瘟,causality,生猪养殖产能大幅下降
供给增加,causality,PX价格下降
铁矿发货量供给收缩,causality,价格远强于钢价化
焦炭价格下跌,causality,焦煤的比价优势减小
停、限产现象,causality,炭黑原料价格大幅上涨
美元大幅贬值,causality,石油价格显著
需求疲软,causality,国际煤价继续低位运行
原油出口下滑,causality,石油生产中断
原油出口下滑,causality,原油价格上涨
飓风,causality,石油生产中断
飓风,causality,原油价格上涨
商用车的疲软,causality,动力电池下降
外盘报价下跌,causality,悲观情绪蔓延
原糖供给过剩,causality,原糖下跌
督察,causality,重稀土原料的供给紧张
稀土进口受阻,causality,重稀土原料的供给紧张
生猪供应偏紧,causality,鲜果、猪肉价格上涨
鲜菜、鸡蛋供应增加,causality,价格下降
宏观经济下行,causality,电量减发
宏观经济下行,causality,燃煤价格继续高企
猪肉供应增多,causality,猪价大涨
猪肉供应增多,causality,需求增加
鸡蛋消费需求回升,causality,鸡蛋价格上涨
存栏量下降,causality,畜用疫苗需求量下降
存栏量下降,causality,疫苗收入下降
供给提升,causality,油价的进一步下跌
非洲猪瘟,causality,生猪存栏大幅下滑
非洲猪瘟,causality,玉米用消费量大幅减少
非洲猪瘟,causality,供需缺口有所缩小
非洲猪瘟,causality,生猪价格攀升
生猪产能下降,causality,生猪价格攀升
供给偏紧,causality,生猪价格攀升
猪瘟,causality,生猪供给大幅减少
猪瘟,causality,压制补栏意愿
煤炭价格的上涨,causality,电力业务毛利率下降
供应过剩,causality,国际油价大幅下挫
中美贸易摩擦,causality,上游棉花需求
新棉上市,causality,棉价表现较疲
供给增加,causality,棉价表现较疲
粮食价格上调,causality,农业集约化生产
粮食价格上调,causality,利润率增加
油价下跌,causality,成本的下降
产品成本的下降,causality,汽车制造成本的下降
干旱,causality,原材料玉米、豆粕价格上涨
销售收入和毛利率水平出现下滑,causality,整体机械收入下滑
散油市场需求疲软,causality,原料胚芽价格持续下跌
大雪天气,causality,蔬菜价格大幅上涨
肉鸡毛利下滑,causality,公司亏损
缅甸稀土禁入,causality,稀土供给呈结构性短缺
大雨,causality,水灾
产能扩张,causality,下游需求下滑
光伏补贴下调,causality,下游需求下滑
供大于求,causality,船价的下跌
复苏内生动力不足,causality,制造业投资持续下降
出口形势继续恶化,causality,制造业投资持续下降
制造业产能过剩压力,causality,制造业投资持续下降
工业品价格降幅扩大,causality,制造业投资持续下降
工业业盈利难以好转,causality,制造业投资持续下降
开工降低,causality,钛精矿供应减少
原油价格大跌,causality,石油进口额下降
精炼棕榈油进口禁令,causality,毛棕榈油需求有所增加
玉米豆价格下跌,causality,养殖成本下降
中国大量采购大豆,causality,大豆供应大幅增加
疾病,causality,生猪的存栏量大幅下降
经济增速放缓,causality,煤炭价格单边下跌
水电贡献大增,causality,煤炭价格单边下跌
进口煤炭数量剧增,causality,煤炭价格单边下跌
豆粕的养殖需求萎缩,causality,豆粕需求减少
非洲猪瘟,causality,大豆需求弱
禽流感,causality,供给收缩
沥青价格下降,causality,原材料成本下降
农产品价格上升,causality,用肥量迅速增长
供应出现,causality,蛋价持续偏暖
阶段性趋紧,causality,蛋价持续偏暖
麦草畏销量下滑,causality,杀虫剂销量和均价下滑
较低毛棕榈油价格,causality,精炼利润高
精炼量增加,causality,毛棕榈油库存增加
猪价持续低迷,causality,利率同比下降
小煤矿重组,causality,炼焦煤供给偏紧
猪场补栏,causality,出栏体重显著提升
限电,causality,国内钼精矿供应紧张
铜冶炼产能的持续扩张,causality,精炼铜供应的过剩
补货积极性不断提高,causality,国内动力煤采购需求释放
甲乙酮价格大幅攀升,causality,甲乙酮需求急剧下降
国内豆类走势偏弱,causality,豆粕饲料需求降低
禽流感,causality,豆粕饲料需求降低
粮食减产,causality,价格上涨
贸易摩擦升级,causality,伦铅加速下跌
下游企业买入,causality,淀粉库存小幅下跌
供需紧张,causality,现货价格上涨
冷空气,causality,石油需求上升
钢材市场需求下滑,causality,吨钢利下降
下游饲料厂豆粕低库存,causality,备货积极
油厂开机率上升,causality,豆油库存高
高库存,causality,豆油价格震荡下行
高库存,causality,短期观望
锂资源新产能释放,causality,供给过剩
锂资源新产能释放,causality,锂价下降
原材料涨价,causality,吨煤材料费升高
原材料涨价,causality,吨煤成本增加
极端气候,causality,天胶产量同比大幅下滑
供应过剩,causality,钾肥格持续呈下行趋势
鸡苗价格下跌,causality,鸡苗品盈利下降
药残鸡事件,causality,鸡苗价格低迷
药残鸡事件,causality,盈利短期下滑
H7N9,causality,鸡苗价格低迷
H7N9,causality,盈利短期下滑
供应过剩,causality,鸡苗价格持续下跌
H7N9,causality,鸡苗价格持续下跌
海外疫情,causality,PTA需求呈现下降
中美贸易战,causality,PTA需求呈现下降
食用油市场持续低迷,causality,棉油产品销售进度放缓
财务费用、管理费用增加,causality,自产矿利润减少
金属价格下行,causality,自产矿利润减少
开工率降低,causality,烧碱供给不足
开工率降低,causality,烧碱价格继续上涨
销售数据持续低迷,causality,钢材库存上升
销售数据持续低迷,causality,钢价下滑
环保,causality,原材料价格面临较大压力
粗钢量持续回落,causality,原材料价格面临较大压力
生产厂被迫停产减产,causality,多晶硅价格大幅下降
鱼价较低,causality,饲料需求下降
鱼价较低,causality,新增产能增速放缓
养虾疫病,causality,饲料需求下降
养虾疫病,causality,新增产能增速放缓
市场需求疲软,causality,生产减少
洪涝灾害,causality,物流配送受阻
洪涝灾害,causality,生猪调运受影响
猪肉消费修复,causality,食品价格上涨
价格下滑,causality,净利润大幅减少
造纸行业整体景气度低迷,causality,售价大幅走低
需求不旺,causality,售价大幅走低
DMF和醋酸价格下滑,causality,盈利能力大幅下滑
成本居高不下,causality,玻尿酸产品
利润空间不断降低,causality,玻尿酸产品
原油供应增加,causality,价格下跌
环保限产,causality,供给收缩
环保限产,causality,黑色金属上涨
恶劣天气,causality,蔬菜及水果价格上涨
洪涝灾害,causality,蔬菜及水果价格上涨
进口煤下,causality,供给收缩
高成本矿井退出,causality,供给收缩
衰竭矿井退出,causality,供给收缩
小煤矿重组,causality,供给收缩
打击超产,causality,供给收缩
黄金价格下跌,causality,黄金首饰类消费需求上升
白糖供给压力减少,causality,白糖跌动力减弱
铝土矿供给收缩,causality,电解铝能收缩
进口煤大幅放开,causality,供大于求
疫情,causality,蔬菜短期供应紧张
存栏下降,causality,猪用疫苗销售收入下滑
非洲猪瘟,causality,出栏商品猪数量紧缺
疫情,causality,出栏商品猪数量紧缺
海参海蜇价格下滑,causality,收入减少
国外需求萎缩,causality,纺织产品出口下降
暴雨突袭,causality,价格增速上升
橡胶产品低价值,causality,供应主动收缩
大旱,causality,大豆重减产
煤炭价格的上涨,causality,硝酸生产企业成本增加
纽约原油价格下跌,causality,毛利率提升
干旱,causality,大豆产量受损
中厚板下游需求不及,causality,钢价下跌
巴西,causality,需求转向美豆
大豆库存的减少,causality,需求转向美豆
猪肉消费下滑,causality,猪价出现下滑
玉米价格上涨,causality,鸡肉生产成本上涨
肉鸡养殖业加大出栏量,causality,肉鸡养殖行业普遍业绩向好
非洲猪瘟,causality,豆粕需求减少
光通信行业需求下滑,causality,紫外固化材料销售和毛利率下滑
聚甲醛行业需求低迷,causality,价格下跌
美国进口铝产品数量减少,causality,美国本土铝供应紧缺
辅料价格上涨,causality,产品毛利率下降
原油价格及需求下滑,causality,能化价格整体下行
锡精矿产量下降,causality,进口锡精矿的下降
饲料行业回暖较慢,causality,水产料投料进度较慢
禽畜养殖低迷,causality,禽畜原料需求不振
冶炼商大幅减产,causality,国内精铜供应紧张
水泥价格上涨,causality,成本上涨
非洲猪瘟,causality,饲料需求下滑
疫情,causality,饲料需求下滑
油价同比上涨,causality,航空煤油价格大幅上涨
航空公司运输成本明显增加,causality,航空企业盈利能力缩水
棕榈油产量持续增加,causality,棕榈油价格大幅下挫
油价上升,causality,化工中间利润的减少
电池价格普遍下降,causality,电池品毛利率下降
硫磺价格下滑,causality,采购需求持续低迷
硫磺价格下滑,causality,磷铵业务承受较大压力
原油加工量快速增加,causality,供过于求
金刚线供过于求,causality,价格大幅下降
环保限产,causality,煤炭价格环比上涨
用电量增加,causality,煤炭价格环比上涨
环保限产,causality,染料价格进一步上涨
原油库存趋满,causality,交割困难
原油需求大幅下滑,causality,企业信用风险增加
油,causality,企业信用风险增加
白酒需求下移,causality,白酒供不应求
商品房销售低迷,causality,资金紧张
精矿紧张,causality,锌供应量下降
油厂开机率上升,causality,豆油库存减少
豆粕库存胀库,causality,油厂开机率降低
石油供应充裕,causality,原油大跌
生猪价格上涨,causality,成本大幅上升
生猪价格上涨,causality,行业平均毛利下滑
生猪存栏持续下降,causality,饲料需求减少
氟化铝供给增加,causality,氟化盐盈利能力下降
煤炭需求疲软,causality,利润降低
价格上涨,causality,利润降低
环保限产,causality,钢材减少
环保限产,causality,供给压力减轻
价格下降,causality,毛利率高
用工成本提升,causality,毛利率下滑
原绒价格上涨,causality,毛利率下滑
纸厂出货不佳,causality,箱板纸价格下行
库存压力,causality,箱板纸价格下行
玻纤产品价格出现下滑,causality,公司毛利率水平下滑
厄尔尼诺,causality,棕榈仁油大幅减产
需求季节性下降,causality,产品价格逐步回落
粮价上涨,causality,毛利率降低
油价同比上涨,causality,提升化工品价格
大雪天气,causality,铁路运输受限
大雪天气,causality,港口供应不畅
需求疲弱,causality,煤炭产量同比下降
原材料涨价,causality,农产品
水灾,causality,农产品
食糖减产,causality,食糖供给满足不了需求
汽车行业产销大幅下滑,causality,冷热轧价格走势下行
严寒的气候,causality,柴油需求增加
油价同比上涨,causality,柴油需求增加
非洲猪瘟,causality,饲料需求下降
疫情,causality,饲料需求下降
供给端收缩,causality,面板格持续上涨
废钢和铁矿石价格的连续上涨,causality,钢材成本推升
行业开工率较低,causality,橡胶价格持续低迷
需求疲弱,causality,橡胶价格持续低迷
房产新开工增速的降低,causality,公路运价未出现显著上涨
运输企业的盈利恶化,causality,重卡需求的减少
生猪存栏量的减少,causality,猪肉价格上涨
猪肉价格持续攀升,causality,猪粮价格比创历史新高
极端天气,causality,新胶供应紧缺
禽流感,causality,蛋类格环比下跌
疫情,causality,蛋类格环比下跌
豆油库存高,causality,菜油库存低
豆粕需求减少,causality,菜油库存低
油厂开机率上升,causality,菜油库存低
寒潮,causality,发电量回升
石油价格飞涨,causality,生物能源的需求增加
中美贸易摩擦,causality,集运需求下降
下游焦化企业需求很难显著走强,causality,焦煤的需求短期很难拉动
原油价格迅速下跌,causality,价格大幅回落
火电盈利,causality,电煤需求下行
气候偏低,causality,蔬菜供应出现缺口
菜供给量的减少,causality,价格回升
燃煤需求增速的下降,causality,燃煤供需偏紧
新能源汽车产业持续爆发,causality,锂电池需求和价格齐涨
环保,causality,中小锗厂停产
价格低于成本线,causality,锗矿企业主动减产
价格低于成本线,causality,惜售
锗锭企业减产,causality,锗金属供给收紧
厄尔尼诺,causality,植物油应短缺
冷轧进口增加,causality,钢材进口数据的环比增加
水电贡献大增,causality,火电发电量受到明显挤压
生猪供应偏紧,causality,价格的较快上涨
焦炭采购需求下降,causality,焦炭价格连续回调
疫病,causality,亏损严重
疫病,causality,生猪疫苗需求减弱
非洲猪瘟,causality,猪肉供给短缺
非洲猪瘟,causality,猪价上涨
终端需求爆发,causality,锂电材料需求大增
肝素粗品成本的上涨,causality,肝素原料药价格上升
原料肥价格下滑,causality,复合肥业务毛利率提升
油菜籽减产,causality,油菜籽供需趋紧
乳品需求增速持续下降,causality,原奶格骤降
材料需求下滑,causality,归母净利润进一步下滑
环保压力的剧增,causality,限产停产
供应主动收缩,causality,精炼锌亦短缺
锌精矿紧缺,causality,精炼锌亦短缺
黄磷价格上扬,causality,磷酸价格上调
自然灾害,causality,小麦大幅减产
尿素价格下跌,causality,毛利率下降
复合肥销售下滑,causality,毛利率下降
单质肥涨价,causality,毛利率下降
下游玻璃、氧化铝,causality,对纯碱需求不足
合成洗涤剂,causality,对纯碱需求不足
钢材价格有所下降,causality,电除尘器业务毛利率有所提高
需求不振,causality,玻璃产量和销售量增幅下降
环保压力,causality,钼精矿供不应求
矿山不断退出,causality,钼精矿供不应求
房产新开工增速的降低,causality,公路运价在到来的运输旺季并未出现显著上涨
运输企业盈利不断恶化,causality,重卡需求的减少
航油价格上涨,causality,航油成本增长
药机业务需求减少,causality,收入同比下降
地震,causality,猪肉出口增加
地震,causality,猪肉价格将继续上行
草铵膦新增产能,causality,价格稍有回落
原油价格持续下调,causality,板
原油价格持续下调,causality,盈利下滑
醋酸供应短缺,causality,出口需求增加
PTA行业景气度回升,causality,内需的增长
PTA行业景气度回升,causality,醋酸价格呈震荡上涨
装置停产,causality,中间体市场供应持续偏紧
装置停产,causality,产品价格不断提高
电力供应紧张,causality,电解铝产能再次受限
疫病,causality,仔猪价格逆势上涨
腹泻病,causality,仔猪死亡率上升
存栏量下降,causality,饲料的需求减少
中美贸易摩擦,causality,大豆缺口
大豆缺口,causality,豆粕上涨
极端天气,causality,用煤需求萎缩
极端天气,causality,煤炭价格下行
限产停产,causality,用煤需求萎缩
限产停产,causality,煤炭价格下行
铁矿石需求的减弱,causality,铁精粉价格下行
铁矿石、废钢价格均快速上涨,causality,钢材实际利润的下降
非洲猪瘟,causality,豆粕基本面偏弱
豆粕库存逐步积累,causality,豆粕基本面偏弱
油价大跌,causality,汽油和柴油价格下降
原奶短缺涨价,causality,乳制品企业成本前低后高
雨水天气,causality,终端需求较弱
雨水天气,causality,主力炼厂出货节奏依旧较慢
际甲醇装置运行不稳定,causality,甲醇应紧张
际甲醇装置运行不稳定,causality,价格不断上涨
成品油库存意外增加,causality,国内成品油价格下调
油价呈现快速回落态势,causality,国内成品油价格下调
非洲猪瘟,causality,赖氨酸产品价格低迷
疫情,causality,赖氨酸产品价格低迷
猪料消费持续下降,causality,赖氨酸产品价格低迷
地震,causality,原奶量同比加速下滑
油价的暴涨,causality,玉米乙醇获得了空前的发展
六氟磷酸锂新项目投产,causality,业绩提高
碳酸锂价格上涨,causality,材料的盈利能力不断提高
正极材料产能过剩,causality,正极材料利润大幅下降
汽车销量的增长,causality,车险求增加
粗钢产量同比大幅增加,causality,炭素制品总产量大幅增加
干旱,causality,粮食出口放缓
干旱,causality,焦煤需求疲软
水泥需求悬崖式下跌,causality,水泥盈利大幅回落
原油产量与进口均大幅下降,causality,原油库存超预期下降
原油大幅下跌,causality,成本下滑
原油大幅下跌,causality,新装置量产施压
原油大幅下跌,causality,库存持续上升
电荒,causality,铝企业减产
猪肉价格上涨,causality,替代品价格也在提升
毛鸭价格上涨,causality,供给增加
稀土价格大幅上涨,causality,荧
价格上涨,causality,荧
木浆供需结构出现较大矛盾,causality,浆价短期内快速上行
纸厂成本端涨价,causality,利润挤压
废铜减少,causality,替代性消费
冶炼关停,causality,精铜供给偏少
非洲猪瘟疫,causality,疫苗需求量大幅下滑
金属价格下行,causality,精矿业务毛利大幅下滑
磷酸企业开工率普遍不足,causality,下游产品开工率也明显下降
春节假期因素,causality,钢材销量环比出现了较大幅度的下滑
销售情绪的低迷,causality,钢材出厂价格的下行
钢企库存的升高,causality,钢材出厂价格的下行
粗钢产量的下滑,causality,原材料
粗钢产量的下滑,causality,铁矿石港口库存快速上升
菜油价格上涨,causality,菜籽压榨
菜油价格上涨,causality,菜油进口增加
制冷剂供需阶段性过剩,causality,制冷剂格大幅下跌
原油口量的大幅提升,causality,原油消费增速继续超过成品油
国际油价下行,causality,基础化工原料价格下降
国际油价下行,causality,生产成本降低
原油价格的增长,causality,燃料
原油价格的增长,causality,价格上行
原油价格的增长,causality,利润提升
天胶延迟开割,causality,供应偏紧
价格上涨,causality,供应偏紧
蔬菜供应量充足,causality,蔬菜价格持续下降
购置成本大幅上涨,causality,汽车市场下滑
巴西,causality,铁矿石价格重心上移
纯苯价格调低,causality,苯乙烯成本面下移
人民币升值,causality,开工率不高
人民币升值,causality,化纤产品采购量下降
出口退税下调,causality,开工率不高
出口退税下调,causality,化纤产品采购量下降
用工成本增加,causality,开工率不高
用工成本增加,causality,化纤产品采购量下降
电价上涨,causality,供水业务毛利率低于预期
需求疲软,causality,空调龙头采购单价下降
需求疲软,causality,空调电加热器务毛利率下
市场需求的快速上升,causality,ITO导电玻璃给不足
广西扩产,causality,食糖供应的快速增长
寒潮,causality,生猪供应减少
口蹄疫,causality,生猪供应减少
仔猪腹泻,causality,生猪供应减少
棉价走低,causality,色纺纱产品价格走低
棉价走低,causality,毛利率提升
棉价走低,causality,收入增速放缓
纯苯的价格上涨,causality,业绩改善
锑矿供应量大幅下降,causality,锑价上涨
饲料价格上涨,causality,奶牛养殖成本提高
种植结构调整,causality,玉米行业供给端持续下降
贪夜蛾入侵,causality,玉米行业供给端持续下降
自然灾害,causality,玉米行业供给端持续下降
限电,causality,开机率下滑
限电,causality,库存减少
气温骤降,causality,蔬菜价格出现大幅上涨
有机硅行业萎靡,causality,氯甲烷销售下降
高温,causality,棉桃吐絮加快
干旱,causality,棉桃吐絮加快
少雨,causality,棉桃吐絮加快
缺矿问题,causality,冶炼厂产量下降
尿素产能过剩,causality,尿素市场供大于求
尿素产能过剩,causality,尿素价格不断下跌
塑料市场气氛疲软,causality,石化出货缓慢
塑料市场气氛疲软,causality,降价销售
干旱,causality,单产下调
恶劣天气,causality,煤电紧张
油价上升,causality,航油成本上升
电,causality,氧化铝价格中枢持续小幅下行
氧化铝价格中枢持续小幅下行,causality,铝成本端弱化
环保限产,causality,轮胎口生产下降
世界汽车产销下降,causality,轮胎口生产下降
电力紧张,causality,精炼铜量下滑
油价上升,causality,航空行业景气度下降
油价上升,causality,削弱公司来自航空油料的投资收益
干旱,causality,大豆单产下降
原料价格回落,causality,橡胶价格下降
天然橡胶市场供应增加,causality,橡胶价格下降
限产停产,causality,销量有所下滑
限产停产,causality,盈利改善
汽车价格下降,causality,汽车制造业的毛利率下滑
价差扩大,causality,煤炭口量大增
价差扩大,causality,助推国内煤价急速下跌
干旱,causality,油籽供给短缺
电石因煤价上涨,causality,成本增加
环保,causality,开工受限
环保,causality,PVC供给偏紧
环保,causality,短期涨价
饲料厂补库存,causality,价格持续走高
玉米供给充裕,causality,豆粕价格小幅回落
能源市场占有率提高,causality,高电价
电力供应紧张,causality,高电价
干旱,causality,乳制品减产
铁矿石价格上涨,causality,吨钢毛利有所收窄
葵花籽提价,causality,毛利率显著回升
石油需求上升,causality,需求水准上升
液氯价格大幅下跌,causality,低迷
液氯需求不足,causality,低迷
禽流感疫情,causality,禽肉需求下降
原料PX供给紧张,causality,生产利润亏损逐渐加大
天然气供应紧张,causality,气头尿素和甲醇工率大幅下滑
天然气供应紧张,causality,价格上涨
豆油价格大跌,causality,大豆压榨利润走低
豆油价格大跌,causality,限制油厂的开机意愿
自然灾害,causality,种子减产
市场需求下降,causality,煤炭出口销售收入下降
国内外煤价倒挂,causality,煤炭出口销售收入下降
高热风,causality,玉米制种减产
新冠肺炎疫情延迟复工,causality,活禽价格急剧下降
活禽销售受阻,causality,活禽价格急剧下降
市场需求骤降,causality,活禽价格急剧下降
玉米价格上涨,causality,淀粉成本增加
玻璃价格下跌,causality,玻璃片毛利率下降
原材料纯碱、重油价格高企,causality,玻璃片毛利率下降
手套需求暴涨,causality,橡胶产量减少
手套需求暴涨,causality,价格坚挺
乳胶生产利润高,causality,橡胶产量减少
乳胶生产利润高,causality,价格坚挺
氧化镨钕价格大幅下滑,causality,能源材料业务盈利下滑
油价同比上涨,causality,石油化工产品价格回升
成本上升,causality,盈利明显下滑
原油、天然橡胶和铁矿砂价格小幅上涨,causality,进口量和金额下滑
低迷,causality,行业景气下行
政府债务收紧,causality,行业景气下行
黄羽肉鸡价格下跌,causality,毛利率下
房地产销售不佳,causality,厨电市场售额同比下降
商业原油库存累积,causality,原油价格回调
猪肉价格上涨,causality,养猪利润攀升
猪肉价格上涨,causality,增加补库存意愿
进口麦芽价格上涨,causality,啤酒企业的成本承压
自然灾害,causality,旅游需求下降
经济持续不景气,causality,旅游需求下降
醋酸供应短缺,causality,多晶硅料价格稳涨
地震,causality,零部件减产
原料短缺,causality,产能利用率低于预期
原料短缺,causality,生产成本上升
行,causality,成本上升
行,causality,原材料价格上升
电价上调,causality,成本上升
电价上调,causality,原材料价格上升
玉米价格下跌,causality,价格下调
出口量的大幅增加,causality,市场供应紧张
出口量的大幅增加,causality,丁酮价格上涨
产能扩张,causality,冷藏箱价格下降
牛奶供给量过剩,causality,奶价承受
需求疲软,causality,奶价承受
天气异常状况,causality,农药需求明显降低
取暖季限产,causality,钢铁供给不足
取暖季限产,causality,价格快速上涨
取暖季限产,causality,钢铁进口数量也随之增加
原油价格持续下调,causality,替代燃料
原油价格持续下调,causality,价格下降
中美贸易摩擦,causality,大豆价格近期下滑
美豆价格下跌,causality,大豆价格近期下滑
巴西雷亚尔汇率大跌,causality,大豆价格近期下滑
产品价格的下降,causality,毛利率下降
石油价格的上升,causality,原材料价格相应上升
家用电脑的产销量逐年增加,causality,DVD市场份额逐年下降
家用电脑的产销量逐年增加,causality,行业竞争更加激烈
塑料加工原材料价格持续上涨,causality,塑料加工业盈利能力持续下滑
塑料加工原材料价格持续上涨,causality,行业景气度愈发低迷
耕地有限,causality,棉花价格的上涨
粮,causality,棉花价格的上涨
羊绒产量低,causality,羊绒价格上涨
乙二醇价格上涨,causality,叠加库存下降
供给下滑,causality,叠加库存下降
洪灾,causality,煤炭运输中断
洪灾,causality,炼焦煤资源紧缺
宏观经济下行,causality,汽车销量下降
宏观经济下行,causality,零部件需求减少
宏观经济下行,causality,营业收入和利润不及
环保,causality,市场供给紧张
环保,causality,价格上涨
猪肉价格下跌,causality,屠宰厂大幅亏损
动力煤价格下跌,causality,电力行业润增速上行
厄尔尼诺,causality,甘蔗作物产量减少
春节鸡需求季节性增长,causality,白羽鸡苗供应量环比大幅减少
LED市场需求增速下滑,causality,芯片销量下滑
LED市场需求增速下滑,causality,价格
转基因种植面积增加,causality,草甘膦需求增加
农害加重,causality,草甘膦需求增加
乙二醇供应量的增加,causality,乙二醇进口量出现下降
水泥市场需求低迷,causality,出货量低于预期
水泥市场需求低迷,causality,价格持续小幅下跌
电煤需求大幅增加,causality,供应偏紧
废不锈钢供应依旧偏紧,causality,原生镍需求增加
煤炭价格下行,causality,利润水平回升
丙烯酸行业景气下滑,causality,产品价格下降
猪肉价格上涨,causality,需求降低
倒春寒,causality,小麦减产
钛白粉原材料上涨,causality,毛利率略有降低
钛白粉原材料上涨,causality,铁精矿利降低
磷酸企业开工率普遍不足,causality,三聚磷酸钠、六偏磷酸钠开工率也明显下降
供应不足,causality,产品价格继续上行
青菜头采购成本下降,causality,榨菜产品毛利率大幅提升
洪涝灾害,causality,蔬菜短期供应紧张
强降水,causality,水果出现减产
油价下跌,causality,产品价格下跌
燃油价格上升,causality,大型SUV使用成本增加
油价下跌,causality,钻机及其它设备的需求下降
钛白粉需求旺盛,causality,金红石矿供应紧张
钛白粉需求旺盛,causality,钛精矿紧张
锌矿短缺,causality,亚铅减产
粗钢产量下降,causality,煤炭消费量
低迷,causality,煤炭消费量
油墨原材料涨价,causality,装饰纸毛利率有所下滑
地震,causality,花冠减产
减产协议落实,causality,原油供应量下降
原油量收缩,causality,原油供应量下降
房地产销售不佳,causality,玻璃需求下降
沥青料需求较弱,causality,沥青现货市场价格快速下探
工业品需求端不振,causality,PPI走低
玉米淀粉成本上升,causality,价格上涨
菜籽减产,causality,油菜籽格上涨
干旱,causality,粮价上涨
氧化铝继续降价,causality,电解铝生产成本下降
氧化铝继续降价,causality,电解铝停产速度放缓
氧化铝继续降价,causality,压制铝价
原油价格的增长,causality,煤焦油价格也随之价格翻番
基建投资大幅下滑,causality,建材需求萎缩
厄尔尼诺,causality,油料均出现明显减产
棕榈油减产,causality,豆油价格上升
棕榈油减产,causality,大豆的压榨量上升
成品油市场平均价格大幅下跌,causality,石油相关行业价格回落
灾害天气,causality,大豆种植进度推迟
灾害天气,causality,单产和种植面积下降
茅台放量,causality,价格下行
茅台放量,causality,原料成本上涨
原油出口大幅下跌,causality,市场供给出现不足
干旱,causality,大豆的持续调减产量
棉纺需求疲软,causality,粘胶短纤业整体亏损
煤炭需求疲软,causality,煤炭企业投资意愿减弱
原油价格持续下调,causality,板块盈利下滑
钢价暴跌,causality,宝钢价格下调
供给增加,causality,价格下跌
甲醇市场需求偏淡,causality,价格连续下挫
疫情,causality,供给紧张
疫情,causality,货期延长
疫情,causality,产品涨价
限产停产,causality,铁矿石刚需走弱
大豆减产,causality,氧化铝价格下行
大豆减产,causality,电解铝成本端下移
猪价高企,causality,水产品供需偏紧
水产养殖受灾,causality,水产品供需偏紧
化工需求增长疲软,causality,大宗化工品格跌入低位
铅价格上涨,causality,产品毛利率的下降
钢材出口环比上升,causality,铁矿石进口需求
钢材出口环比上升,causality,进口同比增长
原油暴跌,causality,大宗商品下行
原油暴跌,causality,国内外铝价持续下滑
干旱,causality,水产品产量急剧下降
智能手机出货量增速减缓,causality,半导体行业成长减弱
原油供应增加,causality,价格下降
原油供应增加,causality,刺激合成橡胶开工率
原油供应增加,causality,合成胶价格或将维持下行
原油库存超预期下降,causality,原油格上涨
错峰生产,causality,熟料企业库存极低
低温,causality,疫情散发
低温,causality,生猪供应增加
雨水天气,causality,水泥需求继续减少
钢价需求低迷,causality,产量同比下降
煤炭供应紧张,causality,发电量减少
煤炭供应紧张,causality,煤价飙升
供给紧张,causality,精炼铜进口增加
非洲猪瘟,causality,生猪调运受阻
非洲猪瘟,causality,猪价承压
非洲猪瘟,causality,养殖户盈利受损
非洲猪瘟,causality,亏损
高温,causality,水稻种子供应偏紧
高温,causality,种子价格普遍上涨
高温,causality,制种产量降低
高温,causality,种源紧张
高温,causality,制种成本也大幅上升
大豆减产,causality,水稻种子供应偏紧
大豆减产,causality,种子价格普遍上涨
大豆减产,causality,制种产量降低
大豆减产,causality,种源紧张
大豆减产,causality,制种成本也大幅上升
磁材行业供给过剩,causality,竞争加剧
天然气供应紧张,causality,开工率大幅下滑
产能过剩,causality,玻璃行业竞争加剧
电解铝扩产,causality,氧化铝需求增长
天然橡胶价格下跌,causality,轮胎格下滑
天然橡胶价格下跌,causality,营业收入同比下降
丙烯单体价格暴涨,causality,粉料生产亏损
丙烯单体价格暴涨,causality,粉料缩减
煤炭价格大幅上涨,causality,净利润亏损
需求旺盛,causality,价格大幅上涨
贸易摩擦升级,causality,航运市场环境过度恶化
美国需求下降,causality,服装行业出口增速急剧回落
全球经济疲软,causality,服装行业出口增速急剧回落
出口下降,causality,服装行业出口增速急剧回落
市场需求大幅萎缩,causality,水泥企业库存较满
市场需求大幅萎缩,causality,价格下行
汽车市场下滑,causality,炭黑价格下降
煤炭生产受限,causality,供需失衡
消费疲软,causality,纸浆的库存大幅增加
铝土矿出口禁令,causality,氧化铝价格上升
俄油污染,causality,炼厂降负
俄油污染,causality,供应减少
运输受限,causality,运输成本增加
油价同比上涨,causality,运输成本增加
原油供给量消减,causality,原油库存下降
浓缩苹果汁量减少,causality,净利润同比大幅增长
浓缩苹果汁量减少,causality,毛利率提升
造纸行业需求疲弱,causality,浆价和纸价双双下跌
铜价上涨,causality,电力缆毛利率下降
焦煤价格大幅下跌,causality,焦炭成本下移
焦煤价格大幅下跌,causality,焦炭与成材分化
气价下滑,causality,国际尿素价格走低
汽车持续销售下滑,causality,车险增长乏力
钢价下跌,causality,原材料价格的跟跌
钢价下跌,causality,钢贸商亏损面逐渐扩大
猪瘟,causality,需求承压
猪瘟,causality,猪肉成本不断提升
猪瘟,causality,鸡肉成本提升
肉类消费的增长,causality,粮食需求增长
棉花种植面积下降,causality,供给收缩
油价上涨,causality,化工行业成本上升
电解锰厂停产,causality,电解锰市场价格上涨
乙烯扩产,causality,丁二烯供给有限
环保,causality,丁二烯供给有限
牙鲆鱼养殖发展迅速,causality,价格下降
生猪价格连续暴跌,causality,玉米需求放缓
养殖利润持续保持亏损,causality,玉米需求放缓
养殖户补栏积极性不佳,causality,玉米需求放缓
南,causality,美豆口增加
大豆的减产,causality,美豆口增加
钢材需求下滑,causality,铁矿石进口环比下滑
废纸进口总量受限,causality,国废需求增加
中美贸易战,causality,天然橡胶价格大跌
钢材需求下滑,causality,炼焦煤和无烟煤价格相继下跌
美豆装运耽搁,causality,大豆供应趋紧
美豆装运耽搁,causality,豆粕和豆油格上涨
用电量下滑,causality,电煤需求难以迅速增加
天气炎热需求低迷,causality,屠宰场走货没有好转
原油价格迅速下跌,causality,人工合成纤维价格下行
原油价格迅速下跌,causality,隔夜美棉小幅下行
油价大跌,causality,地炼开工率提升
油价大跌,causality,供应过剩
油价大跌,causality,价格持续疲软
铜、铝、钢材和石化产品下跌,causality,家电行业走出成本上升的阴影
中美贸易摩擦,causality,关税上升
中美贸易摩擦,causality,鸡肉等原材料价格上涨
中美贸易摩擦,causality,国内市场开拓投入增加
镍矿供不应,causality,镍价重心抬升
镍消费量增加,causality,镍价重心抬升
需求水准上升,causality,食品价格明显回落
煤源紧张,causality,煤焦供应偏紧持续
石油价格的持续上涨,causality,成品油价格不断上调
油价高企,causality,原油替代品乙醇汽油需求的增加
旱情,causality,当地玉米大面积出苗较晚
煤炭行业整合进入释放期,causality,产能有较大幅度增长
口罩需求大幅增加,causality,上游熔喷无纺布求快速增长
非洲猪瘟,causality,猪肉价格下跌
疫情,causality,生猪出栏加快
疫情,causality,猪肉价格下跌
猪肉供应增多,causality,生猪出栏加快
生猪出栏加快,causality,生猪价格加速下跌
生猪出栏加快,causality,养殖润受损
生猪出栏加快,causality,补栏意愿明显下降
产能过剩,causality,产品价格风险
高温天气,causality,海参大量死亡
猪价持续低迷,causality,蛋氨酸需求不及预期
禽类疫情爆发,causality,蛋氨酸需求不及预期
产量降低,causality,煤炭供应偏紧
硫磺、钾肥价格急跌,causality,价格短期承压
原油加工量上升,causality,成品油市场供应相对过剩
产蛋高峰,causality,供应过剩
产蛋高峰,causality,价格急跌
棕榈油价格大幅下挫,causality,表面活性剂、油脂化工品价格出现不同程度的下滑
食品消费需求转淡,causality,农产品供给大量增加
气温回升,causality,农产品供给大量增加
鸡苗价格大幅下降,causality,营业利润下降
公司亏损,causality,营业利润下降
经济增速大幅回落,causality,汽车行业需求下降
经济增速大幅回落,causality,汽车销售利润下降
菜籽大量进口,causality,菜油供应增加
消费增加,causality,菜油供应增加
贸易摩擦升温,causality,国际油价小幅下移
农作物价格持续低迷,causality,钾肥需求疲软
销量出现下滑,causality,固定成本和费用提升
铜箔、玻璃纱涨价,causality,原材料成本上涨
供给端收缩,causality,价格维持高位
供给明显减少,causality,价格明显上升
净利润大幅减少,causality,大豆价格阶段性大幅上涨
精铜及副产品硫酸价格大幅下跌,causality,铜冶炼环节无利可图
精铜及副产品硫酸价格大幅下跌,causality,亏损
DDGS价格上涨,causality,替代蛋白需求增加
矿难,causality,煤矿复产进度偏慢
进口煤受限,causality,焦煤整体供给依然偏紧
矿山开工停滞,causality,白云石紧缺
矿山开工停滞,causality,影响
矿山开工停滞,causality,纯碱的供给量
原油大幅下跌,causality,原料价格下降
暴风雪,causality,粮食产量仍然面临很大的不确定性
洪涝,causality,粮食产量仍然面临很大的不确定性
干旱,causality,粮食产量仍然面临很大的不确定性
极端天气,causality,粮食产量仍然面临很大的不确定性
产品销售结构下移,causality,毛利率降低
CPI逐步下行,causality,名义销售收入增速的下降
黄金价格下降,causality,金银珠宝销售增速的下滑
干旱,causality,糖产量减少
生猪价格连续暴跌,causality,生猪养殖户亏损严重
养殖户补栏积极性不佳,causality,生猪和能繁母猪存栏连续下滑
干旱,causality,作物单产降低
动力煤运输需求旺盛,causality,公路运力紧缺
动力煤运输需求旺盛,causality,重卡销量快速攀升
原糖供给过剩,causality,硅片价格继续下探
非洲猪瘟,causality,国际原油价格逐步走高
疫情,causality,国际原油价格逐步走高
经济增速放缓,causality,煤炭需求低迷
精煤产量下降,causality,平均煤价下滑
精煤产量下降,causality,煤炭毛利率下降
生猪供应偏紧,causality,血液制品短缺
猪瘟,causality,大豆加工厂开工率下行
高库存,causality,钢厂采购原料的积极性下降
台风,causality,果蔬供给减少
台风,causality,鲜菜和水果价格分别环比上涨
强降水,causality,果蔬供给减少
强降水,causality,鲜菜和水果价格分别环比上涨
经济疲软,causality,油价持续回落
经济疲软,causality,航空公司油料成本呈现下降趋势
铅价回落,causality,毛利率收窄
铅价回落,causality,业绩下滑
猪瘟疫情,causality,饲料企业玉米采购需求疲软
春节生猪出栏积极,causality,饲料企业玉米采购需求疲软
锂资源、锂盐产能的大幅增加,causality,价格持续弱化
母猪补栏减少,causality,仔猪供应量同比下降
氢氧化锂新产能快速投产,causality,价格快速下跌
奶牛疫情,causality,奶牛产奶量少
限产停产,causality,中间体供给紧张
限产停产,causality,价格也快速上涨
限产停产,causality,染料产品价格也同比大幅上涨
供给端收缩,causality,水泥价格持续上涨
电石因煤价上涨,causality,水泥价格持续上涨
限超政策,causality,水泥价格持续上涨
猪肉价格下跌,causality,屠宰务大幅亏损
禽流感,causality,猪肉价格继续下跌
锡出口下滑,causality,市场预期锡供应收紧
需求疲软,causality,煤炭价格下行
花生和菜籽的产量下降,causality,原料成本价格上升
原油供应增加,causality,价格下降
煤价持续下降,causality,毛利率提高
煤炭需求下滑,causality,单吨营业成本大幅上涨
石油价格急剧下跌,causality,成品油价格下跌
低迷,causality,原油需求减少
低迷,causality,终端消费对化工品求疲软
复产,causality,热卷产量增加较多
纺企增多,causality,棉纱采购谨慎
限产停产,causality,锆英砂价格不断上涨
国际油价下行,causality,石油开采力度下降
国际油价下行,causality,钻头产品需求减少
油价大跌,causality,石油开采力度下降
油价大跌,causality,钻头产品需求减少
猪价上涨,causality,鸡蛋价格上涨
煤价、运费的大幅上涨,causality,燃煤价格急剧增加
国,causality,航空煤油采购成本同比增加
运输成本攀升,causality,肉类价格也普遍出现上涨
饲料价格上涨,causality,肉类价格也普遍出现上涨
冬季需求增加,causality,肉类价格也普遍出现上涨
成本上升,causality,吨煤净利略降
贸易摩擦升温,causality,半导体行业景气度下降
蛋白需求的增加,causality,猪价小幅上涨
能源需求将进一步下降,causality,煤炭价格继续大幅回落
锡的产量下降,causality,供需缺口增大
限电,causality,钢厂开工率下降
限电,causality,炼焦煤市场需求可能趋弱
钢厂开工率的下降,causality,炼焦煤价格小幅下降
天胶价格将持续低迷,causality,轮胎业保持较高的盈利
产量恢复,causality,矿石供需偏紧格局
产能过剩,causality,产品价格低迷
运输紧张,causality,锌锭产量下降
锌精矿供应紧张,causality,锌锭产量下降
水泥需求旺盛,causality,水泥行业走出低谷
销量大幅下滑,causality,固定分摊成本明显下降
饲料价格大幅回落,causality,奶价重拾跌势
中美贸易摩擦,causality,人民币大幅贬值
乙烯装置开工率下降,causality,丁二烯供应不足
成本高昂,causality,钛白粉行业开工率下降
成本高昂,causality,企
成本高昂,causality,需求下降
需求疲软,causality,钛白粉行业开工率下降
需求疲软,causality,企
需求疲软,causality,需求下降
需求疲软,causality,产品产销量下滑
猪价持续低迷,causality,工程重卡行业需求大幅下滑
投资增速严重放缓,causality,工程重卡行业需求大幅下滑
消费需求减弱,causality,鲜菜供应充足
消费需求减弱,causality,食品格普遍下降
气温转暖,causality,鲜菜供应充足
气温转暖,causality,食品格普遍下降
房地产需求不旺,causality,水泥价格及销量均有所下降
产能过剩,causality,水泥价格及销量均有所下降
玻璃价格下跌,causality,光伏玻璃毛利率下降
国际原油下跌,causality,炼油毛利减少
地震,causality,汽车制造业受到重创
地震,causality,供给不足
航空业公司的经营成本下降,causality,经营利润大幅度上升
毛利率大幅度上升,causality,经营利润大幅度上升
环保政策,causality,蛋鸡养殖行业盈利
菊酯价格下降,causality,杀虫剂均价和盈利下滑
菊酯价格下降,causality,毛利率下降
价格,causality,进口量持续下跌
煤炭价格下行,causality,利润增速下降
轿车销售价格下移,causality,燃油车销售出现较大幅度下滑
开工受限,causality,供需偏紧
开工受限,causality,产品价格稳中有升
国,causality,石油相关消费增速下行
淀粉下游需求较为平淡,causality,淀粉业利润下滑较快
高价订单较少,causality,淀粉业利润下滑较快
产能利用率下行,causality,固定成本摊销提高
煤价下跌,causality,煤炭利润下滑
外购煤量下降,causality,煤炭利润下滑
运量下滑,causality,铁路利润下滑
油价下跌,causality,烯烃价格下跌
光伏成本持续下降,causality,需求增加
钢价下跌,causality,生铁产量的下降
洪涝灾害,causality,蔬菜等食品价格上涨
纯碱价格上涨,causality,玻璃生产企业的利润有所下降
原油上涨,causality,合成胶价格上涨
天气因素,causality,白糖减产
环保限产,causality,炼焦精煤供应偏紧
环保限产,causality,煤企库存大幅下降
环保限产,causality,焦煤给端开始收缩
洪涝灾害,causality,生猪抛售增多
洪涝灾害,causality,仔猪补栏意愿不强
非洲猪瘟,causality,生猪供应缺口扩大
需求,causality,进口氯化钾成本
大豆较低的库存,causality,油厂开机率下滑
豆油供应量的减少,causality,现货价格获得了提振
用肥市场需求旺盛,causality,尿素供应偏紧
用肥市场需求旺盛,causality,预计仍有上涨空间
钢铁销售下滑,causality,库存水位上升
钢铁销售下滑,causality,钢价下滑
购车需求消逝,causality,汽车价格下滑
新能源汽车销量下降,causality,锂盐产品销量不及预期
猪价高企,causality,供需偏紧
猪肉消费下滑,causality,屠宰量较少
屠宰成本增加,causality,毛利率下降
钕铁硼产品格下跌,causality,钕铁硼毛利率下滑
铁矿石价格下滑,causality,铁矿石进口金额增速大幅上涨
蓝耳病疫情,causality,猪肉供给减少
蓝耳病疫情,causality,肉禽类商品价格上涨
玉米价格上涨,causality,猪肉供给减少
玉米价格上涨,causality,肉禽类商品价格上涨
混晶销量价格下降,causality,毛利率下滑
强降温,causality,蔬菜供不应求
强降温,causality,菜价普遍大幅上涨
雨雪冰冻天气,causality,蔬菜供不应求
雨雪冰冻天气,causality,菜价普遍大幅上涨
倒春寒,causality,苹果减产
原料PX供给紧张,causality,生产利润亏损逐渐加大
价格上涨,causality,铜质线缆需求减少
降雨,causality,采购延迟
降雨,causality,肥企开工率缓慢增加
油价走软,causality,天然气价格回落
装置复工,causality,供应偏紧刺激
房地产价格持续下滑,causality,土地出让收入大幅下滑
LCD面板供需关系极度恶化,causality,面板单价大幅度下跌
生猪存栏量的减少,causality,豆粕、赖氨酸的需求
饲料需求降低,causality,豆粕、赖氨酸的需求
餐饮业和医药产业不断扩张,causality,驴出栏比持续攀升
宏观环境变化,causality,工业机器人市场需求减少
贸易摩擦升温,causality,工业机器人市场需求减少
汽车市场下滑,causality,板材盈利较弱
限产停产,causality,水产量下降
原材料玉米价格大幅上涨,causality,饲料成本上涨幅度
菜油供应减少,causality,猪价反弹
原油价格上涨,causality,海运成本的上涨
原油价格上涨,causality,外商成本的增加
非洲猪瘟,causality,生猪供给紧张
新冠肺炎疫情,causality,下游工业复工延迟
新冠肺炎疫情,causality,电力需求减弱
新冠肺炎疫情,causality,发供电量均有所下降
原奶价格上涨,causality,液体乳利率下滑
出栏市场供给增加,causality,生猪格持续回落
出栏市场供给增加,causality,利润下降
锡产量回落,causality,锡供给边际抽紧
原油大幅下跌,causality,炭黑生产成本降低
原油大幅下跌,causality,竞争力下降
产能的控制,causality,供应紧张
蔬菜短期供应紧张,causality,铝价大幅上涨
金属供给增加,causality,基本金属等出现过剩
禽流感,causality,鸡苗价格
禽流感,causality,终端鸡肉价格低迷
疫情,causality,鸡苗价格
疫情,causality,终端鸡肉价格低迷
限产停产,causality,煤炭价格回落
倒春寒,causality,菜价飙升
旺盛需求,causality,中国大豆进口量逐年飙升
石灰石紧缺,causality,水泥生产受限
装置检修,causality,甲醇供应偏紧
铁矿石价格上涨,causality,钢厂利水平大幅下降
散油市场需求疲软,causality,原料胚芽格持续下跌
低迷,causality,存塘鱼大幅减少
养殖户养殖量减少,causality,存塘鱼大幅减少
原料供给刚性,causality,下游产能增长缓慢
PX库存紧张,causality,PX价格上涨
产品价格下降,causality,收入和毛利率下降
旅游客车需求下降,causality,座位客车销量出现下滑
铜冶炼厂的关停,causality,精炼铜产量下降
铜冶炼厂的关停,causality,价格上涨
铜冶炼厂的关停,causality,出口下降
能源新材料价格大幅下滑,causality,能源新材料业务盈利下滑明显
原油大涨,causality,燃料油上涨
电价下调,causality,电力业务盈利下调
火电替代能源占比提升,causality,煤炭运输需求下滑
废钢价格下跌,causality,钢价承压
禽流感,causality,禽产品价格受到冲击
鸡肉消费受到抑制,causality,禽产品价格受到冲击
经济下滑,causality,煤炭需求疲弱
原油价格带,causality,国际煤价延续下跌
红土镍矿供应增长,causality,红土镍矿价格下跌
玉米深加工产品价格疲软,causality,玉米深加工企业
玉米深加工产品价格疲软,causality,利润下滑
电石产量持续下降,causality,电石价格快速上涨
电石产量持续下降,causality,成本不断上升
原油进口依存度大幅下降,causality,原油产能供应过剩
美国页岩油投产,causality,原油产能供应过剩
原油产能供应过剩,causality,原油价格下跌
中美贸易摩擦,causality,进口冻肉下滑
原油供应增加,causality,价格有所回落
钢材价格下滑,causality,钢铁行业利润被进一步压缩
硅料双反,causality,国内
硅料双反,causality,价格暴涨
原油价格断崖式下跌,causality,页岩油盈利大幅下滑
补栏积极性恢复速度滞缓,causality,饲料销量增速下滑
生猪存栏、能繁母猪存栏量持续下降,causality,饲料销量增速下滑
热煤现货价格进一步上涨,causality,库存收紧
原燃料价格下降,causality,浮法玻璃务盈利能力大幅提
干旱,causality,甘蔗的种植面积减少
祖代鸡存栏下降,causality,父
下游敏感性差,causality,父
市场订单下滑,causality,电极箔营收同比下滑
国禽流感,causality,引种量减少
H7N9禽流感,causality,活禽市场整体低
猪肉消费下滑,causality,猪价走低
环氧乙烷价格,causality,切割液毛利率大幅下降
LCD产能供过于求,causality,价格持续下跌
LCD产能供过于求,causality,厂商LCD业务盈利能力大幅下降
纯碱和醋酸的需求回升,causality,价格逐渐上行
猪肉产能减少,causality,鸡鸭养殖量增加
猪价上涨,causality,鸡鸭养殖量增加
铜价下跌,causality,需求较强
光纤光缆行业供过于求,causality,光缆标量价齐跌
磷肥需求萎靡,causality,磷矿石价格大跌
磷矿石供给缩减,causality,需求透支
价格大幅上涨,causality,需求透支
煤矿关闭,causality,煤炭供给减少
煤矿关闭,causality,国际煤炭价格上扬
棕榈油需求疲软,causality,出口下滑
矿价上行,causality,焦炭吨毛利被压缩
钢价下行,causality,焦炭吨毛利被压缩
镍矿采购需求增加,causality,镍铁价格表现坚挺
高温酷暑,causality,产蛋量减少
甲醇进口量减少,causality,行业库存持续下降
餐饮业需求减弱,causality,蔬菜需求整体回落
铁矿石需求下降,causality,铁矿石库存下降
干旱,causality,玉米单产下降
天然气价格回落,causality,居住价格加速上升
纯碱原料价格大幅上升,causality,毛利率同比下降
存栏大幅下降,causality,甲醇汽车产业发展缓慢
氧化铝供需失衡,causality,氧化铝价格重心下移
钢材价格上涨,causality,采购原材料
贸易规模大幅收缩,causality,盈利空间进一步受到挤压
干旱,causality,白糖产量下降
钢铁厂需求疲弱,causality,无烟煤价格下跌
棕榈油价格大幅下挫,causality,表面活性剂、油脂化工价格下滑
奢侈品需求下降,causality,奢侈品消费热情下降
消费电子市场需求疲软,causality,钴酸锂销量下降
减产,causality,硅锰厂内库存水平提高
减产,causality,硅锰厂内库存水平提高
不锈钢库存累积,causality,不锈钢价格持续下滑
需求疲软,causality,不锈钢价格持续下滑
猪肉供应增多,causality,肉类、蔬菜价格下行
雨雪天气,causality,需求萎缩
乌克兰危机,causality,天然气供应紧张
乌克兰危机,causality,提升国际尿素边际成本
磷酸铁锂市场向好,causality,行业供应过剩
行业开工率稳步上升,causality,行业供应过剩
存栏量持续下行,causality,猪肉价格大幅上升
国内供给收缩,causality,猪肉价格大幅上升
油墨原材料价格上涨,causality,销售毛利率同比下降
人工成本上升,causality,销售毛利率同比下降
非洲猪瘟,causality,猪价持续走弱
猪价出现下滑,causality,猪价持续走弱
销售困难,causality,猪价持续走弱
原油供应量下降,causality,原油价格下降
产能过剩,causality,纸价疲弱
雨雪降温,causality,下游需求明显萎缩
钢材提价,causality,生产厂商产生提价
能源价格上涨,causality,生产厂商产生提价
新能源车需求下滑,causality,新能源汽车产量减少
油脂消费旺季,causality,菜油与豆油库存逐步减少
原材料价格上升,causality,原材料磁粉价格持续上升
铁矿石需求下降,causality,钢价运行中枢下移
煤炭价格大幅上涨,causality,燃料成本上升
地震,causality,原油需求下降
地震,causality,原油价格下跌
磷肥市场供应充足,causality,尿素价格下跌
干旱,causality,大豆、玉米减产
恐慌情绪,causality,猪肉团膳消费下降
双反调查,causality,轮胎行业需求下滑
玉米原料上涨,causality,淀粉生产成本提高
玉米原料上涨,causality,库存压力较小
旺盛需求,causality,水泥供不应求
原料药购货渠道收紧,causality,硝酸甘油产量下降
价格上涨,causality,硝酸甘油产量下降
供暖期限产,causality,中厚板产量有所下降
供暖期限产,causality,钢价保持较高水平
钢材价格的下跌,causality,车轮业务毛利率上升
铁矿价格大涨,causality,销量减少
铁矿价格大涨,causality,库存增加
环保压力,causality,染料价格维持高位
中间体供给趋紧,causality,染料价格维持高位
环保因素,causality,染料市场供给持续收缩
环保因素,causality,供需紧平衡
低迷,causality,钢价持续走低
低迷,causality,经营业绩亏损
下游行业需求不振,causality,钢价持续走低
下游行业需求不振,causality,经营业绩亏损
生猪存栏持续下降,causality,猪饲料量同比下降
矿山寿命到期,causality,精矿供应减少
矿山寿命到期,causality,现货锌供应趋紧
影响,causality,水电发力
影响,causality,火电需求不足
铬鞣剂需求不足,causality,维生素K3供应减少
国内煤炭价格下调,causality,煤炭进口量大幅下降
鱼价格走低,causality,水产料销量下降
养殖润受损,causality,水产料销量下降
出口量大增,causality,进口天胶数量出现大幅度上升
服装外贸订单不足,causality,纱布市场交易气氛持续清淡
合成橡胶的需求被抑制,causality,丁二烯格也处于低位运行
旺盛需求,causality,煤炭价格继续小幅走高
洪水,causality,夏粮减产
干旱,causality,夏粮减产
自然灾害,causality,夏粮减产
国内进口菜籽菜油数量下滑,causality,国内菜油价格上涨
国际市场上菜籽供应量减少,causality,国内菜油价格上涨
大暴雨,causality,棕榈油产量下降
大暴雨,causality,原棕榈油中游离脂肪酸含量增加
H7N1疫情,causality,禽类疫苗企业业绩下滑较大
存栏下降,causality,禽类疫苗企业业绩下滑较大
禽流感,causality,家禽产能受限
镍豆进口,causality,市场报价下调
镍豆进口,causality,下游持续低迷
国内油厂开机率提高,causality,豆油库存继续上升
大豆的压榨量上升,causality,豆油库存继续上升
氯氧化锆出口快速增加,causality,产品价格的飞速增加
降价策略,causality,LED产品毛利率大幅下滑
宏观经济不景气,causality,民爆器材销量增速放缓
民爆行业下游需求减弱,causality,民爆器材销量增速放缓
原油市场需求不利,causality,油价下行
吨煤的生产成本上升,causality,煤炭业务毛利率下跌
高温,causality,奶牛产奶量减少
煤炭供应紧张,causality,公司的原奶成本上升
化铝价格有所回落,causality,电价下降
化铝价格有所回落,causality,网电价格下降
化铝价格有所回落,causality,阳极价格弱势运行
化铝价格有所回落,causality,电解铝成本下降
煤炭价格下行,causality,电价下降
煤炭价格下行,causality,网电价格下降
煤炭价格下行,causality,阳极价格弱势运行
煤炭价格下行,causality,电解铝成本下降
油价下跌,causality,化工品格进一步下滑
行业景气下行,causality,需求萎缩
行业景气下行,causality,动力煤大幅下跌
原油价格上涨,causality,燃油格上升
影响,causality,大豆价格上涨
供应收紧,causality,大豆价格上涨
供给不足,causality,制冷剂价格上行
大旱,causality,水力发电的大幅减少
环保,causality,需求降低
生猪价格上涨,causality,屠宰下降
LED海外需求下降,causality,LED芯片终端产品价格持续下跌
上游产能释放较多,causality,LED芯片终端产品价格持续下跌
复合肥产能严重过剩,causality,复合肥求不振
复合肥产能严重过剩,causality,行业景气低迷
种植利润低,causality,复合肥求不振
种植利润低,causality,行业景气低迷
原油需求持续疲软,causality,油价大幅下滑
原油需求持续疲软,causality,丙烷价格出现显著下滑
雨雪天气,causality,鲜活农产品价格上涨
焦炭价格上涨,causality,钢材成本继续上升
干旱,causality,停割进一步扩大
干旱,causality,胶水供应紧缺
禽流感疫情,causality,蛋氨酸需求降低
禽流感疫情,causality,价格降低
干燥,causality,小麦大概率减产
虫草价格大幅上涨,causality,产品毛利率降低
成本上升,causality,利润下降
成本上升,causality,公司利润下降
毛利下降,causality,利润下降
毛利下降,causality,公司利润下降
财务费用倍增,causality,利润下降
财务费用倍增,causality,公司利润下降
无烟煤价格上涨较多,causality,产品尿素利率下降
热带风暴,causality,油气平台大幅度减产
白糖价格下跌,causality,白糖利润下滑
房地产新政策落实,causality,房地产开发商资金链条越绷越紧
成交量缩小,causality,房地产开发商资金链条越绷越紧
热带风暴,causality,原油产量减少
热带风暴,causality,天然气产量
面食和面包需求强劲,causality,小麦大涨
伊朗核危机,causality,石油供给减少
委内瑞拉经济危机,causality,石油供给减少
生猪存栏量减少,causality,饲料行业景气度下行
饲料用粮价格快速上涨,causality,猪肉等食品格快速上涨
生猪供给紧张,causality,猪肉等食品格快速上涨
严寒天气,causality,出糖率下降
光纤光缆供给扩张,causality,价格下调
设备商竞争,causality,系统设备价格下降
乙烯价格暴涨,causality,醋酸乙烯价格同步上涨
禽价格历史低点,causality,肉禽大量减产
禽价格历史低点,causality,粮食价格上涨
下游去原材料库存,causality,煤矿和焦化厂销售恶化
下游去原材料库存,causality,煤焦价格下跌
限气,causality,气头尿素和甲醇工率大幅下滑
萤石下游需求减少,causality,萤石产品销量与产品价格均有所下滑
洪灾,causality,碳酸锂生产商暂停生产
肉鸡消费偏弱,causality,毛鸡价格有所回落
钢材价格下跌,causality,开工率下降
钢材价格下跌,causality,进口铁矿石少
钢材价格下跌,causality,BDI持续下跌
葡萄成本价格上涨,causality,毛利率同比下降
停产检修,causality,市场供给短缺
乳业需求疲软,causality,奶业供过于求
供应增长,causality,奶业供过于求
行业性供给端集体推价,causality,产品价格上涨
矿锌矿供应减少,causality,锌价较为强势
生猪出栏量下滑,causality,肝素原料药供应持续趋紧
存栏量下降,causality,肝素原料药供应持续趋紧
干旱,causality,粮食涨价
碳酸锂提价,causality,产销量减少
大雾天气影响,causality,煤炭调出量减少
大雾天气影响,causality,港口吞吐量环比下降
大雾天气影响,causality,港口库存快速增加
变频空调需求量大幅增加,causality,电解电容需求量大增
钢材、硬质合金市场持续疲弱,causality,钼、钨等产品价格回升困难
废钢价格下跌,causality,盈利环比整体抬升
天气因素,causality,通胀压力进一步加大
炭黑企业开工率下降,causality,煤焦油价格持续下跌
尿素价格上涨,causality,行业开工较低
环保,causality,行业开工较低
烧碱价格重心上,causality,PVC产量难减
台风,causality,原盐价格大涨
政局紧张,causality,原油价格上升
DMF扩产,causality,DMF价格走势疲软
DMF扩产,causality,DMF盈利能力略有下降
机柜价格下降,causality,IDC业务毛利率同比下降
猪肉价格持续攀升,causality,低温肉制品毛利率同比提高
禽流感,causality,玉米价格下跌
铁矿石价格下滑,causality,成本端继续下降
电煤价格上涨,causality,电力业务毛利率下降
海参供给紧缺,causality,价格上涨
猪瘟疫情,causality,豆粕终端需求疲软
醋酸供应短缺,causality,豆粕终端需求疲软
甘蔗减少,causality,外购甘蔗渣的价格明显上升
废铜供给减少,causality,精废价差走低
原料甜菜收购单价提高,causality,公司糖业务毛利率下降
禽流感,causality,鸡蛋价格大幅下滑
精矿货源偏紧,causality,碳酸锂货源紧张
猪肉出口增加,causality,棕榈油库存下降
贸易摩擦升级,causality,看
禽流感,causality,鸡蛋短缺
日系车企产销量下滑,causality,市场份额下降
小麦大幅减产,causality,出口将少
BDO下游需求不足,causality,价格下跌
棕榈油收割,causality,原棕榈油质量下降
棕榈油收割,causality,供应紧张
运输受阻,causality,原棕榈油质量下降
运输受阻,causality,供应紧张
价格大幅上涨,causality,火电发电成本上升
产量大幅下调,causality,吨钢成本上升
疫,causality,白鸡需求下滑
淀粉销售转好,causality,淀粉供应
淀粉销售转好,causality,阶段性供需紧张
淀粉销售转好,causality,淀粉价格大幅上涨
部分企业停机检修,causality,淀粉供应
部分企业停机检修,causality,阶段性供需紧张
部分企业停机检修,causality,淀粉价格大幅上涨
厄尔尼诺,causality,蔗糖减产
厄尔尼诺,causality,东南亚的
厄尔尼诺,causality,橡胶及棕榈油减产
厄尔尼诺,causality,大豆增产
小麦大幅减产,causality,蔗糖减产
小麦大幅减产,causality,东南亚的
小麦大幅减产,causality,橡胶及棕榈油减产
小麦大幅减产,causality,大豆增产
炼厂增加出口,causality,柴油出口量创3年新高
马棕库存利空,causality,棕榈油价格下跌
禽流感,causality,莲花清瘟销售大幅增长
H7N9,causality,莲花清瘟销售大幅增长
疫情,causality,莲花清瘟销售大幅增长
豆油出货迟滞,causality,豆油库存大幅提升
减产,causality,食糖供应短缺
疫病多发,causality,存栏量继续下降
猪肉需求增加,causality,猪价小幅上涨
蔬菜价格季节性下跌,causality,食品价格大幅下跌
蔬菜价格季节性下跌,causality,油价下调
重大灾难状态,causality,原油需求大幅下降
猪源紧张,causality,供求关系失衡
猪源紧张,causality,猪肉价格飙涨
生猪产能下降,causality,生猪格持续下跌
养殖成本上升,causality,能繁母猪存栏头数下跌
环保压力,causality,能繁母猪存栏头数下跌
大豆供给增加,causality,豆价快速下跌
非洲猪瘟,causality,猪肉供需缺口显现
煤矿产量下降,causality,煤炭售毛利率大幅下滑
产品均价下跌,causality,煤炭售毛利率大幅下滑
美豆库存紧张,causality,豆粕价格短期大幅攀升
巴西大豆装运困难,causality,豆粕价格短期大幅攀升
存栏量下降,causality,奶价快速上升
玻璃价格上涨,causality,组件毛利率下滑
原油库存趋满,causality,原油价格下跌
美元汇率上扬,causality,原油价格下跌
美元走强,causality,原油价格下跌
旱情削弱水电出力,causality,购电成本增加
生猪补栏上升,causality,玉米的饲料需求回升
生猪补栏上升,causality,玉米价格再次上涨
化工领域限气,causality,开工率大幅下滑
全球粮价持续大幅上涨,causality,产油国出现局势动荡
全球粮价持续大幅上涨,causality,原油价格上涨
光伏制造业扩产,causality,产能过剩
光伏制造业扩产,causality,光伏产品价格下降
蔬菜生产供给增加,causality,蔬菜价格下行
电石因煤价上涨,causality,火电发电成本上升
强寒潮天气,causality,鲜菜和鲜果价格上涨
强寒潮天气,causality,猪肉价格上涨
自然灾害,causality,甘蔗减产
新冠肺炎疫情,causality,煤炭供应减弱
煤炭市场需求疲软,causality,煤炭量同比下滑
全球白糖供应过剩,causality,白糖跌动力减弱
白糖供给压力减少,causality,白糖跌动力减弱
巴西暴雨,causality,供应紧张
人民币汇率下跌,causality,进口菜籽成本上涨
公司存货成本较高,causality,铜冶炼业务利润空间挤压
干旱,causality,亩产低于正常水平
病虫,causality,亩产低于正常水平
养猪户豆粕需求下滑,causality,豆粕价格下跌
养猪户豆粕需求下滑,causality,大豆压榨放慢
海化出事,causality,供应紧张
海化出事,causality,价格上涨
需求,causality,供给难大幅增加
冰冻灾害,causality,供给难大幅增加
干旱,causality,啤麦减产
干旱,causality,进口价格飙升
市场需求量萎缩,causality,销售受到影响
硫酸钾价格下跌,causality,曼海姆法硫酸钾盈利下滑
低开工率,causality,曼海姆法硫酸钾盈利下滑
环保高压,causality,工厂停工
环保高压,causality,菊酯价格大幅上涨
环保高压,causality,行业景气度走高
进口煤继续保持增长,causality,供大于求
进口煤继续保持增长,causality,煤炭价格下降
国内煤炭价格下调,causality,煤炭设备需求下滑
乳品需求增速持续下降,causality,原奶价格骤降
不锈钢跌价,causality,供应紧张
原料补库周期结束,causality,供应紧张
水果出现减产,causality,果价大幅上涨
鲜菜大量上市,causality,菜价下跌
天气变热,causality,猪肉需求下降
天气变热,causality,猪价回落
烟片胶货源偏紧,causality,涨幅明显
天然气供给不足,causality,LNG淡季价格暴涨
下游企业转嫁成本压力较大,causality,丙烯采购需求量缩减
生猪存栏、能繁母猪存栏量持续下降,causality,猪肉今年供给充足
养殖户补栏热情较高,causality,猪肉今年供给充足
原油价格迅速下跌,causality,化工景气指数下降
化工产品价格下行,causality,化工景气指数下降
豆粕滞销,causality,油厂开机率下降
宏观经济增速下滑,causality,钢铁需求疲弱
宏观经济增速下滑,causality,钢价下跌
宏观经济增速下滑,causality,毛利率收窄
原料药随竞争对手增加,causality,价格下降
需求增长,causality,房地产行业恢复
需求增长,causality,煤炭需求增加
政策放松,causality,房地产行业恢复
政策放松,causality,煤炭需求增加
国内乙烯法PVC降低负荷,causality,供应减少
国内乙烯法PVC降低负荷,causality,乙烯法PVC涨价
多晶硅环节技术进步,causality,行业成本曲线下移
光通信行业需求下滑,causality,主业触底
原料硝酸铵扩产,causality,价格下降
废钢价格持续提涨,causality,电炉钢成本抬升
钢铁需求明显下降,causality,钢价下跌
钢铁需求明显下降,causality,小钢厂减产
猪肉需求增加,causality,猪肉价格涨幅较大
洪涝灾害,causality,猪肉价格涨幅较大
焦煤和动力煤持续上涨,causality,钢铁水泥成本上升
原油库存趋满,causality,原油价格下滑
环保限产,causality,长材产量回落
电炉利润下降,causality,长材产量回落
铜均价下降,causality,毛利率下滑
国内需求增长疲软,causality,大宗化工品价格跌入低位
国内需求增长疲软,causality,化工板块业绩下滑26%
产能过剩,causality,大宗化工品价格跌入低位
产能过剩,causality,化工板块业绩下滑26%
干旱,causality,尿素价格低迷
鲜活食品需求大增,causality,价格上行
宏观经济下行,causality,化工品价格下跌
下游需求疲软,causality,化工品价格下跌
雪灾,causality,供电紧张
豆粕价格上涨,causality,饲料业务毛利率整体下降
高温多雨天气,causality,食品价格上涨
猪瘟疫情,causality,食品价格上涨
药材价格下跌,causality,净利润增速下降
阴雨光照不足,causality,蔬菜产量急剧下降
油价暴跌,causality,石油加工营收跌幅扩大
钢材产量持续下降,causality,焦炭需求相对偏弱
转基因种植面积增加,causality,草甘膦实际需求增加
电子烟电池价格上涨,causality,公司电子烟电池毛利率提升
钢厂补库完成,causality,铁矿石价格下跌
矿石进口增加,causality,铁矿石价格下跌
猪瘟疫情,causality,养殖信心丧失
猪瘟疫情,causality,饲料企业采购积极性低
猪瘟疫情,causality,玉米饲料需求低迷
养殖企业复养失败,causality,养殖信心丧失
养殖企业复养失败,causality,饲料企业采购积极性低
养殖企业复养失败,causality,玉米饲料需求低迷
非洲猪瘟,causality,生猪存栏量下滑
猪肉供不应求,causality,生猪存栏量下滑
智能手机行业出货量下滑,causality,3C行业景气度下行
麦草畏需求减少,causality,麦草畏格持续突破历史新低
金融危机,causality,货车务毛利率下降
货车市场需求量减少,causality,货车务毛利率下降
成本上升,causality,货车务毛利率下降
国际油价下行,causality,海工产品新建价格下滑
下游产品终端消费旺季,causality,产品库存下降
化工品需求大幅减少,causality,化工产品价格回落
国际油价下行,causality,化工产品价格回落
LED行业供应过剩,causality,产品价格大幅下跌
棉纺需求疲软,causality,粘胶短纤行业亏损
非洲猪瘟,causality,能繁母猪走低
非洲猪瘟,causality,豆粕消费堪忧
硅钢片价格大幅上涨,causality,硅钢毛利率减少
中国需求旺盛,causality,库存减少
中国需求旺盛,causality,价格上升
油脂消费旺季,causality,库存减少
油脂消费旺季,causality,价格上升
干旱,causality,供应紧张
干旱,causality,黄磷产区产量严重不足
棉短绒市场供应量不足,causality,棉短绒格上扬
行业开工率较低,causality,甘氨酸的盈利能力压缩
需求旺季,causality,价格持续上涨
环保限产,causality,价格持续上涨
饲料价格水涨船高,causality,猪粮比下降
干旱,causality,玉米制种大减产
成本上升,causality,玉米制种大减产
煤炭差扩大,causality,煤炭过剩
进口增加,causality,煤炭过剩
石墨电极销售价格上扬,causality,石墨电极料价格飞涨
玻璃需求下滑,causality,全行业亏损
磷矿石价格上涨,causality,库存下降
产量压缩,causality,生产商毛利率较低
丙烯单体价格暴涨,causality,粉料供应出现缩减
非洲猪瘟,causality,猪肉供给减少
非洲猪瘟,causality,猪价大幅上涨
非洲猪瘟,causality,水果供应增多
非洲猪瘟,causality,鲜果价格下跌
浮法玻璃产量下降,causality,货源紧俏
浮法玻璃产量下降,causality,价格上涨
干旱,causality,玉米作物受灾
干旱,causality,玉米格飙升
国际原油回落,causality,国内原油价格下调
中药材价格上涨,causality,成本增加
中药材价格上涨,causality,毛利率下滑
蔗糖价格下行,causality,淀粉糖产品需求下降
蔗糖价格下行,causality,收入下降
产能过剩,causality,价格快速下降
氯碱企业开工低,causality,烧碱供应偏紧
氯碱企业开工低,causality,价格上涨
下游需求疲软,causality,煤价下跌
非洲猪瘟,causality,生猪出栏数
非洲猪瘟,causality,粗品供应趋紧
疫情,causality,生猪出栏数
疫情,causality,粗品供应趋紧
汽车板块需求下滑,causality,冷轧价格受挫
汽车板块需求下滑,causality,产量下降
非洲猪瘟,causality,生猪屠宰需求下滑
生猪出栏量下滑,causality,生猪屠宰需求下滑
棉花价格高企,causality,纺织业景气程度下滑
水泥景气度差,causality,价格下跌
水泥景气度差,causality,业绩下滑
国内需求增长疲软,causality,大宗化工品格跌入低位
国内需求增长疲软,causality,化工板块业绩下滑
产能过剩,causality,化工板块业绩下滑
煤炭需求疲软,causality,价格下降
钢材需求下滑,causality,高炉工率下滑
产量回升,causality,高炉工率下滑
利润,causality,高炉工率下滑
下游需求疲软,causality,煤炭价格下滑
聚甲醛行业需求低迷,causality,营运能力下降
下游补栏需求,causality,仔猪价格弹性大增
原料甲醇价格攀升,causality,醋酸成本拉升
原油价格迅速下跌,causality,原油衍生物价格低位
产能扩张,causality,价格下降
干旱,causality,来水量严重不足
干旱,causality,发电量减少
雪灾,causality,精炼铜产量损失
疫情,causality,纺织行业需求寡淡
疫情,causality,聚酯出货亦较差
棉价下跌,causality,棉花毛利率下降
价格下跌,causality,海参毛利率
菜粕现货成交清淡,causality,菜粕库存增加
中美贸易关系的恶化,causality,成本增加
养猪成本增长,causality,盈利回落
高温天气,causality,空调类商品销售增速提高
消费需求减弱,causality,国内原奶供给过剩
天然气供应紧张,causality,尿素产量下降
产能过剩,causality,价格大幅下跌
国际煤价延续下跌,causality,国内进口大幅增长
低迷,causality,钢厂大幅度减产
钢价走弱,causality,钢厂大幅度减产
成本增加,causality,养殖单位补栏意愿下降
成本增加,causality,育雏鸡补栏持续下降
农户加快补栏,causality,鸭副供给增加
肉价上升,causality,养殖利润上升
家禽养殖量大增,causality,禽用疫苗需求提升
国际油价下行,causality,原油期货回落
全球经济疲软,causality,供过于求
全球经济疲软,causality,油价暴跌
原油产量减少,causality,供过于求
原油产量减少,causality,油价暴跌
氧化铝限产执行较严,causality,铝土矿需求下降
氧化铝限产执行较严,causality,价格下降
原油原材料价格走弱,causality,氮肥磷肥价格下调
原油原材料价格走弱,causality,企业停产
天然气供应紧张,causality,气头尿素和甲醇工率下滑
原奶供过于求,causality,价格下跌
钢材涨价,causality,原材料成本上涨
焦化企业恶化,causality,价格下降
钢厂开工率下降,causality,价格下降
原料价格回落,causality,乳品企业毛利率下降
成本增加,causality,乳品企业毛利率下降
基建投资大幅下滑,causality,产品价格大幅度上涨
高温多雨,causality,价格上涨
强对流天气,causality,价格上涨
成本增加,causality,价格上涨
生猪存栏量加速下滑,causality,猪饲料销量增长
乙烯法成本上涨,causality,氯碱开工率下降
乙烯法成本上涨,causality,氯气紧缺
烧碱价格下行,causality,氯碱开工率下降
烧碱价格下行,causality,氯气紧缺
雪灾,causality,粮食南运
雪灾,causality,水稻结构性过剩
雪灾,causality,价格下降
减产,causality,氧化铝价格下行
葡萄成本价格上涨,causality,毛利率下降
贸易摩擦升温,causality,娱乐消费需求下滑
贸易摩擦升温,causality,电动车业务进展不及预期
贸易摩擦升温,causality,海外疫情超扩散
产品技术升级滞后,causality,娱乐消费需求下滑
产品技术升级滞后,causality,电动车业务进展不及预期
产品技术升级滞后,causality,海外疫情超扩散
经济持续不景气,causality,娱乐消费需求下滑
经济持续不景气,causality,电动车业务进展不及预期
经济持续不景气,causality,海外疫情超扩散
需求,causality,国际原油价格回落
需求,causality,煤炭价格下跌
非洲猪瘟,causality,中国蛋白需求的下降
非洲猪瘟,causality,下游蛋白需求下滑
非洲猪瘟,causality,油厂开工率减少
限产,causality,用煤用电量上升
成本上升,causality,现货价格抬升
成本上升,causality,菜系价格企稳
电石企业生产不稳定,causality,产量下降
电煤价格上涨,causality,生产成本增加
低迷,causality,钢材价格持续下跌
低迷,causality,钢铁行业亏损严重
低迷,causality,企业减产
疫情,causality,饲料需求减少
中欧纺织品贸易纠纷,causality,缝纫机行业销售增速下滑
石油和金属成本上涨,causality,投入、产出价格上涨
澳洲飓风,causality,全球铁矿供给收缩
旺盛需求,causality,钾肥价格保持稳中上升
原料PX供给紧张,causality,钾肥价格保持稳中上升
全球公共卫生事件,causality,需求锐减
贸易战,causality,需求下降
地产周期下行,causality,家电需求下滑
数字化投入,causality,费用增加
硫酸价格同比大幅上升,causality,钛白粉制造成本涨幅远超过销售单价涨幅
解铝扩产,causality,氧化铝求增长
干旱,causality,甘蔗植面积缩减
通胀,causality,棉花价格的上涨
粮食的减产,causality,棉花价格的上涨
原材料成本上涨,causality,养殖需求不振
原材料成本上涨,causality,鸡苗价格下跌
原材料成本上涨,causality,公司成本上升
煤炭价格单边下跌,causality,利润减少
出口煤销量减少,causality,利润减少
行业产能过剩凸显,causality,产品销售价格下降
市场销售竞争,causality,产品销售价格下降
北方降温明显,causality,液化气市场供需失衡
北方降温明显,causality,驱动价格上行
供暖需求陆续增长,causality,液化气市场供需失衡
供暖需求陆续增长,causality,驱动价格上行
环保高压,causality,促进剂供不应求
交通受阻,causality,煤炭调入困难
扇贝大丰收,causality,扇贝价格下滑
稀土矿进口量减少,causality,稀土氧化物产量下降
成本上升,causality,毛利率下降
原油价格及需求下滑,causality,丁二烯价格下降
价格下跌,causality,市场观望情绪严重
淡水鱼供应充足,causality,价格下降
产能过剩,causality,价格持续下滑
猪流感,causality,需求下降
季节性因素,causality,需求下降
市场竞争加剧价格下降,causality,毛利率下滑
煤炭供应紧张,causality,聚合物产品价格上涨
粮价上涨,causality,食品价格涨幅扩大
铁矿石焦炭价格下滑,causality,成本端下降
价格下跌,causality,玉米酒精价格有所下跌
钢材价格上涨,causality,环卫装备毛利率下滑
原油市场供应过剩,causality,油价下跌
非瘟疫情,causality,种猪产能受损
服装打折促销,causality,价格下降
非洲猪瘟,causality,国内猪肉供给大幅减少
非洲猪瘟,causality,供需缺口增加
钢铁行业成本压力,causality,行业景气下降
钢铁行业成本压力,causality,价格下降
价格下跌,causality,行业景气下降
价格下跌,causality,价格下降
房地产投资不振,causality,水泥和煤炭价格下滑
产能过剩,causality,水泥和煤炭价格下滑
PVC价格继续下跌,causality,烧碱给不足
开工率降低,causality,烧碱给不足
页岩油大增产,causality,原油价格暴跌
油价高涨,causality,油品消费下降
成本升高,causality,毛利率下降
非洲猪瘟,causality,生猪出栏减少
原油价格上涨,causality,燃油价格上升
粗钢产量下降,causality,焦炭需求下滑
原油价格下降,causality,化工品需求减弱
利润,causality,减产
铁矿石价格上涨,causality,钢厂利润收缩
国内港口库存高位,causality,锰矿价格下调
干旱,causality,种植面积减少
干旱,causality,中美贸易摩擦升级
干旱,causality,苹果主产区山东减产
电力供应紧张,causality,企业开工率较低
电力供应紧张,causality,供应减少
浓硝酸单位价格下降,causality,利润减少
浓硝酸单位价格下降,causality,价格下降
降水较多,causality,火电需求不足
需求弱势,causality,煤价小幅下跌
猪价持续低迷,causality,养猪业务亏损
非洲猪瘟,causality,养猪业务亏损
石油价格显著,causality,材料价格飙升
大宗商品价格大幅上涨,causality,材料价格飙升
动力电池需求放量,causality,锂电铜箔供应趋紧
制种面积落实,causality,玉米价格上涨
制种成本,causality,玉米价格上涨
干旱,causality,玉米价格上涨
美国大豆需求旺盛,causality,供应吃紧
下游黄鸡价格暴跌,causality,饲料消费下滑
养殖规模缩减,causality,饲料消费下滑
复合肥行业疲软,causality,价格有所下滑
复合肥行业疲软,causality,价格下滑
天然气供应紧张,causality,开工率下滑
猪肉供给短缺,causality,猪肉价格下滑
低迷,causality,PU革销量和盈利能力下降
禽流感突发事件,causality,鱼类价格上涨
玉米价格上涨,causality,成本上升
日本地震,causality,国内供电不足
禽流感疫情,causality,禽价低迷
禽流感疫情,causality,公司业绩受损
产地限产强化,causality,焦炭开工下降
廉价天然气,causality,价格大幅下降
原油价格迅速下跌,causality,价格大幅下降
能源价格回落,causality,乙醇价格下滑
环保督察,causality,供给趋紧持续
原材料成本下降,causality,浮法玻璃毛利率下滑
限产,causality,铁矿实际需求回落
干旱,causality,天然橡胶产区停割
玻纤板块产品价格继续下跌,causality,利润率收窄
单晶产品下滑,causality,硅料价格下行
棉价上涨,causality,粘胶价格上涨
猪瘟,causality,生猪存栏量
疫情,causality,生猪存栏量
新能源汽车政策波动,causality,价格大幅下跌
新能源汽车销量下降,causality,价格大幅下跌
行业竞争加剧,causality,价格大幅下跌
原材料丁二烯价格大涨,causality,合成橡胶价格的大幅上涨
玻璃行业原料和燃料下跌,causality,成本下降
环保督察,causality,钛白粉量下滑
环保督察,causality,行业库存逐步去化
中美贸易关系,causality,原油价格下挫
钢铁行业产量高企,causality,钢价下跌
原材料钢坯的价格上升,causality,行业盈利能力下滑
下游工业复工延迟,causality,钢铁下游需求不足
玉米价格上涨,causality,饲料利率下降
环保整顿,causality,煤价上调
产地煤矿减量生产,causality,煤价上调
煤炭供应紧张,causality,煤价上调
铜价上涨,causality,进口窗口关闭
铜价上涨,causality,精废比上升
肝素粗品采购价格上涨,causality,肝素钠原料药收入和毛利下降
出口额下降,causality,建材机械产品总体毛利率
开机率下滑,causality,出油量过剩
开机率下滑,causality,豆油出货迟滞
终端需求爆发,causality,豆油库存提升
化肥毛利率下滑,causality,毛利率降低
行业产能过剩凸显,causality,生产成本增加
出口形势不佳,causality,生产成本增加
人工成本上升,causality,生产成本增加
煤炭供应紧张,causality,精铜替代需求增加
减产,causality,螺纹产量上行受阻
采暖季限产,causality,螺纹产量上行受阻
织造环节需求低迷,causality,聚酯产销难以有效放量
下游需求大幅下降,causality,水泥销量下降
电价下降,causality,利润下降
停机检修,causality,利润下降
厄尔尼诺气候现象,causality,作物产量下降
厄尔尼诺气候现象,causality,市场供应趋紧
水泥价格下降,causality,收入和毛利下滑
猪瘟,causality,市场低价
原油价格高涨,causality,PVC价格上涨
成本增加,causality,盈利能力下降
中美贸易摩擦,causality,外需不振
GDP增速持续下降,causality,化工产品需求不旺
供需关系反转,causality,化工产品价格整体下行
极端,causality,农作物减产
气候灾害,causality,农作物减产
聚丙烯粒料价格提升,causality,聚烯烃产品毛利率下降
家电需求不强,causality,家电出口出货量、新订单下滑
养殖利润上升,causality,雏鸡补栏不足
出口市场恶化,causality,棕榈油库存持续上涨
原糖供给过剩,causality,糖价走软
煤炭价格上涨,causality,电石价格上涨
环保政策,causality,电石价格上涨
宏观经济预期不乐观,causality,生产资料需求回落
煤炭价格单边下跌,causality,煤矿停产限产
环保限产,causality,炉料需求萎缩
生猪存栏量下滑,causality,豆粕需求下滑
豆粕价格下跌,causality,大豆压榨利润亏损
限产,causality,上涨行情发酵
存栏下降,causality,仔猪供应减少
菜油供应减少,causality,油脂价格坚挺
油脂替代效应,causality,油脂价格坚挺
硝铵价格上涨,causality,炸药利润下滑
需求下滑竞争激烈,causality,毛利率下滑
需求下滑竞争激烈,causality,费用率上升
印,causality,棉花价格下跌
棉花进口增加,causality,棉花价格下跌
贸易危机,causality,棉花价格下跌
猪瘟,causality,菜粕需求端力度不佳
水产养殖进入淡季,causality,菜粕需求端力度不佳
猪瘟,causality,猪肉供给充裕
猪瘟,causality,通胀压力缓解
猪肉加紧出栏,causality,猪肉供给充裕
猪肉加紧出栏,causality,通胀压力缓解
猪肉供不应求,causality,油价仍维持高位
有色金属产品价格下滑,causality,精矿品毛利下降
原油价格及需求下滑,causality,价格下降
成本上升,causality,涨价
企业库存偏低,causality,开工率不足
企业库存偏低,causality,硝铵企业转产
限电,causality,开工率不足
限电,causality,硝铵企业转产
啤酒售压力增大,causality,营收同比下滑
生猪市场亏损,causality,母猪存栏下降
强降温,causality,建筑钢材需求减弱
雨雪天气,causality,建筑钢材需求减弱
猪瘟疫情,causality,生猪存栏量下降
鲜活农产品价格上涨,causality,饲料需求量增长
贸易争端,causality,全球经济增速下滑
全球经济疲软,causality,锑、钨产品需求下滑
石油供应充裕,causality,供大于求
豆粕需求减少,causality,豆油库存持续下降
疫情,causality,需求断崖式下跌
疫情,causality,原油供需过剩
疫情,causality,库存累积
原油价格回落,causality,焦煤海运费下跌
用煤行业发展,causality,煤炭需求增长
贸易摩擦升级,causality,航运市场环境恶化
地产板块回暖,causality,水泥需求改善
北,causality,煤炭货盘需求强劲
北,causality,运价回升
寒冷天气,causality,煤炭货盘需求强劲
寒冷天气,causality,运价回升
价格上涨,causality,产能扩张
航空行业景气度下降,causality,钢铁流通行业利润空间挤压
青菜头丰收,causality,榨菜品毛利率提升
青菜头采购成本下降,causality,榨菜品毛利率提升
石油价格上涨,causality,成品油价格上调
生猪产能下降,causality,猪价上涨
H酸大幅降价,causality,活性染料价格腰斩
H酸价格回落,causality,活性染料价格回落
硫化镍矿供应量减少,causality,镍产品产量下降
猪肉价格较高,causality,鸡蛋替代需求增加
菜粕消费减少,causality,菜油供应减少
油脂消费旺季,causality,菜油与豆油库存减少
菜籽减产,causality,大豆应减少
菜籽减产,causality,菜油价格走强
国储菜油抛储结束,causality,大豆应减少
国储菜油抛储结束,causality,菜油价格走强
中美贸易战,causality,大豆应减少
中美贸易战,causality,菜油价格走强
混凝土供应量减少,causality,水泥需求减少
蔬菜和水果供应量增加,causality,价格下跌
制冷剂供需阶段性过剩,causality,制冷剂价格下跌
铁矿价格大涨,causality,进口额大增
禽类产品需求减退,causality,产品销量及价格下降
猪瘟,causality,豆粕需求严重下降
下游整车景气下滑,causality,产能利用率降低
油价下跌,causality,汽车类消费回落
非洲猪瘟,causality,生猪行业产量减少
非洲猪瘟,causality,生猪场价格上涨
疫情,causality,生猪行业产量减少
疫情,causality,生猪场价格上涨
巴西矿难,causality,供应收缩
农产品价格上升,causality,高端肥订单下滑
原油价格及需求下滑,causality,粗钢观消费量下滑
环保限产,causality,磷肥产业链供应缩减
限电,causality,水泥供给下降
油价持续上涨,causality,销售下滑
替代能源价格优势明显,causality,LPG需求下降
稀土价格下跌,causality,稀土永磁产品价格降低
稀土价格下跌,causality,销售收入下降
航煤需求低位,causality,柴油供应增加
